LIDAMSIDOB	group	priv_year
1017337012	restitued	missing
1017116741	restitued	missing
1017072736	restitued	missing
1017078718	restitued	missing
1017342261	restitued	missing
1017365768	restitued	missing
1017141223	restitued	missing
1017376930	restitued	missing
1017028311	restitued	missing
1017443521	restitued	missing
1017066604	restitued	missing
1017368155	restitued	missing
1017344001	restitued	missing
1017069662	restitued	missing
1017436070	restitued	missing
1017065217	restitued	missing
1017443441	restitued	missing
1017345341	restitued	missing
1017073775	restitued	missing
1017435847	restitued	missing
1017389985	restitued	missing
1017444528	restitued	missing
1017383502	restitued	missing
1017429901	restitued	missing
1017434034	restitued	missing
1017425043	restitued	missing
1017046263	restitued	missing
1017064814	restitued	missing
1017028214	restitued	missing
1017067686	privatized	<= 2000
1017146977	restitued	missing
1017028605	restitued	missing
1017032351	restitued	missing
1017445249	restitued	missing
1017142882	restitued	missing
1017066019	restitued	missing
1017031142	restitued	missing
1017067546	restitued	missing
1017143820	privatized	<= 2000
1017064091	restitued	missing
1017354910	restitued	missing
1017368252	restitued	missing
1017400512	restitued	missing
1017150010	restitued	missing
1017065071	restitued	missing
1017063575	restitued	missing
1017420971	restitued	missing
1017435839	restitued	missing
1017420611	restitued	missing
1017065322	restitued	missing
1017066434	restitued	missing
1017386510	restitued	missing
1017064555	restitued	missing
1017420904	restitued	missing
1017069522	restitued	missing
1017076774	restitued	missing
1017036403	restitued	missing
1017140847	restitued	missing
1017138541	restitued	missing
1017073490	restitued	missing
1017075212	restitued	missing
1017417491	restitued	missing
1017137226	restitued	missing
1017345678	restitued	missing
1017347476	restitued	missing
1017065969	restitued	missing
1017182311	restitued	missing
1017391513	restitued	missing
1017067252	restitued	missing
1017345252	restitued	missing
1017076359	restitued	missing
1017141258	restitued	missing
1017134626	privatized	<= 2000
1017427666	restitued	missing
1017036390	restitued	missing
1017146926	privatized	<= 2000
1017376298	restitued	missing
1017036721	restitued	missing
1017067791	restitued	missing
1017429405	restitued	missing
1017341567	restitued	missing
1017060746	privatized	<= 2000
1017075727	restitued	missing
1017343551	restitued	missing
1017434026	restitued	missing
1017071632	restitued	missing
1017074569	restitued	missing
1017112215	restitued	missing
1017377227	restitued	missing
1017431264	restitued	missing
1017341451	restitued	missing
1017139784	restitued	missing
1017443335	restitued	missing
1017347549	restitued	missing
1017347069	privatized	<= 2000
1017035253	restitued	missing
1017036705	restitued	missing
1017348154	restitued	missing
1017073724	restitued	missing
1017390860	restitued	missing
1017365563	restitued	missing
1017383448	restitued	missing
1017070130	restitued	missing
1017387770	restitued	missing
1017147621	restitued	missing
1017072426	restitued	missing
1017038457	restitued	missing
1017111774	restitued	missing
1017112142	restitued	missing
1017072388	restitued	missing
1017143811	restitued	missing
1017135142	restitued	missing
1017143293	restitued	missing
1017142408	restitued	missing
1017036411	restitued	missing
1017400270	restitued	missing
1017146594	restitued	missing
1017028621	restitued	missing
1017146675	restitued	missing
1017444617	restitued	missing
1017077584	restitued	missing
1017031584	restitued	missing
1017141622	restitued	missing
1017416630	restitued	missing
1017111545	restitued	missing
1017078769	restitued	missing
1017064202	restitued	missing
1017064911	restitued	missing
1017065012	privatized	<= 2000
1017443017	restitued	missing
1017066027	restitued	missing
1017034796	restitued	missing
1017068321	restitued	missing
1017067538	restitued	missing
1017389225	restitued	missing
1017066949	restitued	missing
1017138087	privatized	<= 2000
1017036977	restitued	missing
1017068879	restitued	missing
1017146918	restitued	missing
1017424314	restitued	missing
1017071233	restitued	missing
1017435570	restitued	missing
1017371822	restitued	missing
1017071659	restitued	missing
1017417725	restitued	missing
1017064571	restitued	missing
1017104573	restitued	missing
1017418616	restitued	missing
1017063907	restitued	missing
1017445141	restitued	missing
1017389667	restitued	missing
1017147001	restitued	missing
1017445435	restitued	missing
1017068020	restitued	missing
1017064806	restitued	missing
1017435014	restitued	missing
1017066175	restitued	missing
1017034516	restitued	missing
1017111154	restitued	missing
1017029121	restitued	missing
1017416001	restitued	missing
1017367035	restitued	missing
1017068925	restitued	missing
1017072116	restitued	missing
1017070610	restitued	missing
1017031045	restitued	missing
1017417521	restitued	missing
1017079889	restitued	missing
1017031860	restitued	missing
1017079871	restitued	missing
1017067317	privatized	<= 2000
1017418888	restitued	missing
1017426406	restitued	missing
1017066345	restitued	missing
1017079803	restitued	missing
1017079854	restitued	missing
1017433666	restitued	missing
1017335931	restitued	missing
1017029687	restitued	missing
1017361533	restitued	missing
1017070041	restitued	missing
1017341516	restitued	missing
1017075808	restitued	missing
1017445052	restitued	missing
1017434867	restitued	missing
1017401586	restitued	missing
1017030561	restitued	missing
1017038333	restitued	missing
1017067104	restitued	missing
1017372501	restitued	missing
1017430471	restitued	missing
1017069719	restitued	missing
1017070059	restitued	missing
1017068763	restitued	missing
1017077835	restitued	missing
1017347638	restitued	missing
1017036675	restitued	missing
1017139865	restitued	missing
1017037213	restitued	missing
1017069905	restitued	missing
1017432228	restitued	missing
1017144079	restitued	missing
1017034567	restitued	missing
1017341532	restitued	missing
1017036853	privatized	>2005
1017037051	restitued	missing
1017064491	restitued	missing
1017401951	restitued	missing
1017138575	restitued	missing
1017076898	restitued	missing
1017074909	restitued	missing
1017071918	restitued	missing
1017033099	restitued	missing
1017142611	restitued	missing
1017070687	restitued	missing
1017116148	restitued	missing
1017389306	restitued	missing
1017059373	restitued	missing
1017140791	restitued	missing
1017341427	restitued	missing
1017423962	restitued	missing
1017141088	restitued	missing
1017071985	restitued	missing
1017143684	restitued	missing
1017066752	restitued	missing
1017064075	restitued	missing
1017435812	restitued	missing
1017065713	restitued	missing
1017183350	restitued	missing
1017079862	restitued	missing
1017346968	restitued	missing
1017443416	restitued	missing
1017341401	restitued	missing
1017071764	restitued	missing
1017028176	restitued	missing
1017031592	restitued	missing
1017036713	restitued	missing
1017055009	privatized	<= 2000
1017136891	restitued	missing
1017443408	restitued	missing
1017434557	restitued	missing
1017075221	restitued	missing
1017435154	restitued	missing
1017443629	restitued	missing
1017059390	restitued	missing
1017070156	restitued	missing
1017345139	restitued	missing
1017027889	restitued	missing
1017032408	restitued	missing
1017143510	restitued	missing
1017424501	restitued	missing
1017444692	restitued	missing
1017185751	restitued	missing
1017443076	restitued	missing
1017391017	restitued	missing
1017442843	restitued	missing
1017071993	restitued	missing
1017431370	restitued	missing
1017143501	restitued	missing
1017443254	restitued	missing
1017063621	restitued	missing
1017031878	restitued	missing
1017064377	restitued	missing
1017424284	restitued	missing
1017149356	restitued	missing
1017038660	restitued	missing
1017071616	restitued	missing
1017116679	privatized	<= 2000
1017066264	restitued	missing
1017069221	restitued	missing
1017064229	restitued	missing
1017076448	restitued	missing
1017391114	restitued	missing
1017452717	privatized	<= 2000
1017036314	restitued	missing
1017146659	restitued	missing
1017423938	restitued	missing
1017434255	restitued	missing
1017146934	restitued	missing
1017029644	restitued	missing
1017074780	restitued	missing
1017067295	restitued	missing
1017141461	restitued	missing
1017432074	restitued	missing
1017402060	restitued	missing
1017139768	restitued	missing
1017138851	restitued	missing
1017445061	restitued	missing
1017136866	restitued	missing
1017434174	restitued	missing
1017147370	restitued	missing
1017069701	restitued	missing
1017031347	restitued	missing
1017070504	restitued	missing
1017045216	restitued	missing
1017036128	restitued	missing
1017443220	restitued	missing
1017392978	restitued	missing
1017034362	restitued	missing
1017065233	restitued	missing
1017065586	restitued	missing
1017065560	restitued	missing
1017435073	restitued	missing
1017435049	restitued	missing
1017027960	restitued	missing
1017347727	restitued	missing
1017342610	restitued	missing
1017076481	restitued	missing
1017137528	restitued	missing
1017184887	restitued	missing
1017066914	restitued	missing
1017076294	restitued	missing
1017065977	restitued	missing
1017443378	restitued	missing
1017070270	restitued	missing
1017064504	restitued	missing
1017064466	restitued	missing
1017438455	restitued	missing
1017421153	restitued	missing
1017424667	restitued	missing
1017075883	restitued	missing
1017138842	restitued	missing
1017063729	restitued	missing
1017144141	restitued	missing
1017033285	restitued	missing
1017144893	restitued	missing
1017435685	restitued	missing
1017063877	restitued	missing
1017068941	restitued	missing
1017035580	restitued	missing
1017386374	restitued	missing
1017443131	restitued	missing
1017038236	restitued	missing
1017068364	restitued	missing
1017445036	privatized	>2005
1017139041	privatized	<= 2000
1017077541	restitued	missing
1017079897	restitued	missing
1017031771	restitued	missing
1017143587	privatized	<= 2000
1017140804	restitued	missing
1017072311	restitued	missing
1017371423	restitued	missing
1017072108	restitued	missing
1017143943	restitued	missing
1017069271	restitued	missing
1017038805	privatized	>2005
1017068542	restitued	missing
1017077266	restitued	missing
1017028010	restitued	missing
1017065241	restitued	missing
1017064458	restitued	missing
1017346330	restitued	missing
1017112185	restitued	missing
1017064288	restitued	missing
1017036021	restitued	missing
1017065292	restitued	missing
1017066248	restitued	missing
1017034249	restitued	missing
1017140812	restitued	missing
1017063761	restitued	missing
1017077401	restitued	missing
1017445001	restitued	missing
1017066213	restitued	missing
1017444561	restitued	missing
1017443548	restitued	missing
1017066256	restitued	missing
1017072434	restitued	missing
1017424896	restitued	missing
1017138079	privatized	2001-2005
1017071829	restitued	missing
1017076880	restitued	missing
1017146225	restitued	missing
1017063613	restitued	missing
1017146969	restitued	missing
1017433658	restitued	missing
1017354995	restitued	missing
1017111847	restitued	missing
1017029156	restitued	missing
1017341524	restitued	missing
1017373507	restitued	missing
1017029075	restitued	missing
1017135576	restitued	missing
1017389659	restitued	missing
1017028486	restitued	missing
1017065403	restitued	missing
1017075506	restitued	missing
1017071471	restitued	missing
1017354987	restitued	missing
1017353999	restitued	missing
1017184313	restitued	missing
1017109818	restitued	missing
1017034290	restitued	missing
1017143617	restitued	missing
1017387516	restitued	missing
1017066647	restitued	missing
1017072469	restitued	missing
1017443041	restitued	missing
1017064679	restitued	missing
1017073554	restitued	missing
1017032742	restitued	missing
1017064784	restitued	missing
1017335745	restitued	missing
1017400725	restitued	missing
1017428867	restitued	missing
1017038732	privatized	>2005
1017063737	restitued	missing
1017029245	restitued	missing
1017377677	restitued	missing
1017435693	restitued	missing
1017072132	restitued	missing
1017435715	restitued	missing
1017069085	restitued	missing
1017029148	restitued	missing
1017435065	restitued	missing
1017424403	privatized	<= 2000
1017389802	restitued	missing
1017444544	restitued	missing
1017071799	restitued	missing
1017375747	restitued	missing
1017060347	restitued	missing
1017144303	restitued	missing
1017036594	restitued	missing
1017032891	restitued	missing
1017037124	restitued	missing
1017056218	restitued	missing
1017390738	restitued	missing
1017146322	restitued	missing
1017030081	restitued	missing
1017028397	restitued	missing
1017417849	restitued	missing
1017444935	restitued	missing
1017056030	restitued	missing
1017063958	restitued	missing
1017424411	restitued	missing
1017070725	restitued	missing
1017428727	restitued	missing
1017068381	restitued	missing
1017074798	restitued	missing
1017060371	restitued	missing
1017034885	restitued	missing
1017334145	restitued	missing
1017072086	restitued	missing
1017072205	restitued	missing
1017070628	restitued	missing
1017035474	restitued	missing
1017434697	restitued	missing
1017072001	restitued	missing
1017420599	restitued	missing
1017143846	restitued	missing
1017031401	restitued	missing
1017066990	restitued	missing
1017150885	privatized	<= 2000
1017075760	restitued	missing
1017429057	restitued	missing
1017065951	restitued	missing
1017036004	restitued	missing
1017032840	restitued	missing
1017068259	privatized	2001-2005
1017431159	privatized	<= 2000
1017065993	restitued	missing
1017076863	restitued	missing
1017038562	restitued	missing
1017076804	restitued	missing
1017078734	restitued	missing
1017184615	privatized	<= 2000
1017146900	restitued	missing
1017028711	restitued	missing
1017432465	restitued	missing
1017038821	restitued	missing
1017066612	restitued	missing
1017443025	restitued	missing
1017114773	restitued	missing
1017074879	restitued	missing
1017146993	restitued	missing
1017063591	restitued	missing
1017066841	restitued	missing
1017034788	restitued	missing
1017036047	restitued	missing
1017079595	restitued	missing
1017422354	restitued	missing
1017366446	restitued	missing
1017347450	restitued	missing
1017114404	restitued	missing
1017046026	restitued	missing
1017072825	restitued	missing
1017452385	privatized	<= 2000
1017150028	privatized	<= 2000
1017148716	restitued	missing
1017071462	restitued	missing
1017072141	restitued	missing
1017146250	restitued	missing
1017392960	restitued	missing
1017387214	restitued	missing
1017029822	restitued	missing
1017354103	restitued	missing
1017426708	restitued	missing
1017445940	restitued	missing
1017341729	restitued	missing
1017435782	restitued	missing
1017068909	restitued	missing
1017036454	restitued	missing
1017136041	privatized	<= 2000
1017443092	restitued	missing
1017079242	restitued	missing
1017144010	restitued	missing
1017435413	restitued	missing
1017390509	restitued	missing
1017143668	privatized	<= 2000
1017139946	restitued	missing
1017385769	restitued	missing
1017064474	privatized	2001-2005
1017068852	restitued	missing
1017378916	restitued	missing
1017143111	restitued	missing
1017146373	restitued	missing
1017069255	restitued	missing
1017381887	restitued	missing
1017346305	restitued	missing
1017065543	restitued	missing
1017433127	restitued	missing
1017142033	restitued	missing
1017077061	restitued	missing
1017401110	restitued	missing
1017070148	restitued	missing
1017143528	restitued	missing
1017046247	restitued	missing
1017064245	restitued	missing
1017146667	restitued	missing
1017072400	restitued	missing
1017354944	restitued	missing
1017031185	restitued	missing
1017390517	restitued	missing
1017143463	restitued	missing
1017032939	restitued	missing
1017385327	restitued	missing
1017435634	restitued	missing
1017435588	restitued	missing
1017074470	restitued	missing
1017445371	restitued	missing
1017184739	restitued	missing
1017139431	restitued	missing
1017066779	restitued	missing
1017429898	restitued	missing
1017036110	restitued	missing
1017143714	privatized	<= 2000
1017042365	restitued	missing
1017444951	restitued	missing
1017063931	restitued	missing
1017072418	restitued	missing
1017425051	restitued	missing
1017147329	restitued	missing
1017074364	restitued	missing
1017070822	restitued	missing
1017060231	privatized	>2005
1017031282	restitued	missing
1017143251	privatized	<= 2000
1017141215	restitued	missing
1017068534	restitued	missing
1017064644	restitued	missing
1017434468	restitued	missing
1017371598	restitued	missing
1017063885	restitued	missing
1017063893	restitued	missing
1017064547	restitued	missing
1017073678	restitued	missing
1017443939	restitued	missing
1017029211	restitued	missing
1017135185	restitued	missing
1017071942	restitued	missing
1017037043	restitued	missing
1017074178	restitued	missing
1017365059	restitued	missing
1017028079	restitued	missing
1017141240	restitued	missing
1017341478	restitued	missing
1017064369	restitued	missing
1017429987	restitued	missing
1017035105	restitued	missing
1017067473	restitued	missing
1017137935	restitued	missing
1017444714	restitued	missing
1017070075	restitued	missing
1017069999	restitued	missing
1017066205	restitued	missing
1017034753	restitued	missing
1017028371	restitued	missing
1017370044	restitued	missing
1017373183	restitued	missing
1017143421	restitued	missing
1017038325	privatized	<= 2000
1017105804	restitued	missing
1017028061	restitued	missing
1017144885	restitued	missing
1017389446	restitued	missing
1017065462	restitued	missing
1017071501	restitued	missing
1017423865	restitued	missing
1017035512	restitued	missing
1017431787	restitued	missing
1017341362	restitued	missing
1017434077	restitued	missing
1017068771	restitued	missing
1017028923	restitued	missing
1017368147	restitued	missing
1017400903	restitued	missing
1017419868	restitued	missing
1017430683	restitued	missing
1017030987	restitued	missing
1017431779	restitued	missing
1017384819	restitued	missing
1017076316	restitued	missing
1017070377	restitued	missing
1017372748	restitued	missing
1017341541	restitued	missing
1017433879	restitued	missing
1017390631	restitued	missing
1017139385	restitued	missing
1017345660	restitued	missing
1017071748	restitued	missing
1017429332	restitued	missing
1017388008	restitued	missing
1017139466	restitued	missing
1017341494	restitued	missing
1017434701	restitued	missing
1017430357	restitued	missing
1017445427	restitued	missing
1017068224	restitued	missing
1017037418	restitued	missing
1017393087	restitued	missing
1017065349	restitued	missing
1017068348	restitued	missing
1017076782	restitued	missing
1017140821	restitued	missing
1017139814	restitued	missing
1017430136	restitued	missing
1017064563	restitued	missing
1017445290	restitued	missing
1017139300	restitued	missing
1017401799	restitued	missing
1017075557	restitued	missing
1017429031	restitued	missing
1017354022	restitued	missing
1017416923	restitued	missing
1017384916	restitued	missing
1017032726	restitued	missing
1017143447	restitued	missing
1017075077	restitued	missing
1017147043	restitued	missing
1017420513	restitued	missing
1017144133	restitued	missing
1017072272	restitued	missing
1017443467	restitued	missing
1017443246	restitued	missing
1017443599	restitued	missing
1017063974	restitued	missing
1017390665	restitued	missing
1017036691	restitued	missing
1017135177	restitued	missing
1017434221	restitued	missing
1017073741	restitued	missing
1017028354	restitued	missing
1017135886	restitued	missing
1017072515	restitued	missing
1017074542	restitued	missing
1017400521	restitued	missing
1017424543	restitued	missing
1017033536	restitued	missing
1017078483	restitued	missing
1017341915	restitued	missing
1017136882	restitued	missing
1017112797	restitued	missing
1017073562	restitued	missing
1017028303	restitued	missing
1017068755	restitued	missing
1017185441	restitued	missing
1017077479	restitued	missing
1017142581	restitued	missing
1017401896	restitued	missing
1017067821	restitued	missing
1017065195	restitued	missing
1017069875	restitued	missing
1017144281	restitued	missing
1017077215	restitued	missing
1017070580	restitued	missing
1017035326	restitued	missing
1017401926	restitued	missing
1017064580	restitued	missing
1017424535	restitued	missing
1017069468	restitued	missing
1017401098	restitued	missing
1017433232	restitued	missing
1017036349	restitued	missing
1017435936	restitued	missing
1017368864	restitued	missing
1017034656	restitued	missing
1017065284	restitued	missing
1017429049	restitued	missing
1017343560	restitued	missing
1017033498	restitued	missing
1017071861	restitued	missing
1017354375	restitued	missing
1017424292	restitued	missing
1017036667	restitued	missing
1017063800	restitued	missing
1017112011	restitued	missing
1017424861	restitued	missing
1017150753	restitued	missing
1017072060	restitued	missing
1017080577	restitued	missing
1017445125	restitued	missing
1017064440	restitued	missing
1017065616	restitued	missing
1017056919	privatized	<= 2000
1017116008	restitued	missing
1017033561	restitued	missing
1017070032	restitued	missing
1017056021	privatized	2001-2005
1017141614	restitued	missing
1017144249	restitued	missing
1017138923	restitued	missing
1017146624	restitued	missing
1017064385	restitued	missing
1017067112	restitued	missing
1017068241	restitued	missing
1017074313	restitued	missing
1017108358	privatized	<= 2000
1017036420	restitued	missing
1017139008	restitued	missing
1017354936	restitued	missing
1017424454	restitued	missing
1017034745	restitued	missing
1017079251	restitued	missing
1017064709	restitued	missing
1017034729	restitued	missing
1017401918	restitued	missing
1017146357	restitued	missing
1017066329	restitued	missing
1017144290	restitued	missing
1017069182	restitued	missing
1017139971	privatized	<= 2000
1017075328	restitued	missing
1017038597	restitued	missing
1017029636	restitued	missing
1017112258	restitued	missing
1017068305	restitued	missing
1017027943	restitued	missing
1017390304	restitued	missing
1017377499	restitued	missing
1017064318	restitued	missing
1017435090	restitued	missing
1017433488	restitued	missing
1017435499	restitued	missing
1017038201	restitued	missing
1017401772	restitued	missing
1017055424	privatized	<= 2000
1017036233	restitued	missing
1017138958	privatized	<= 2000
1017035423	restitued	missing
1017341419	restitued	missing
1017111553	restitued	missing
1017071675	restitued	missing
1017071446	restitued	missing
1017028737	restitued	missing
1017074321	restitued	missing
1017445273	restitued	missing
1017035032	restitued	missing
1017066981	restitued	missing
1017383995	restitued	missing
1017032262	restitued	missing
1017354685	restitued	missing
1017135355	privatized	<= 2000
1017147591	privatized	<= 2000
1017150711	restitued	missing
1017137871	restitued	missing
1017033439	restitued	missing
1017071926	restitued	missing
1017185921	restitued	missing
1017420378	restitued	missing
1017038911	restitued	missing
1017354669	restitued	missing
1017034222	restitued	missing
1017080372	restitued	missing
1017430641	restitued	missing
1017058571	restitued	missing
1017078726	restitued	missing
1017443424	restitued	missing
1017028630	restitued	missing
1017341389	restitued	missing
1017431272	restitued	missing
1017385505	restitued	missing
1017139482	restitued	missing
1017065225	restitued	missing
1017334722	restitued	missing
1017435651	restitued	missing
1017072094	restitued	missing
1017064792	restitued	missing
1017067511	restitued	missing
1017444722	privatized	<= 2000
1017185875	restitued	missing
1017385513	city-owned	missing
1017401471	privatized	2001-2005
1017033307	privatized	>2005
1017071012	privatized	2001-2005
1017070741	privatized	>2005
1017451991	privatized	>2005
1017076154	city-owned	missing
1017077240	city-owned	missing
1017139288	privatized	>2005
1017452130	city-owned	missing
1017186901	city-owned	missing
1017072191	city-owned	missing
1017079200	privatized	2001-2005
1017146195	city-owned	missing
1017430985	privatized	>2005
1017150516	city-owned	missing
1017112223	city-owned	missing
1017038627	privatized	>2005
1017031720	privatized	>2005
1017028133	city-owned	missing
1017067813	privatized	2001-2005
1017400172	city-owned	missing
1017066680	city-owned	missing
1017070296	privatized	2001-2005
1017067163	privatized	2001-2005
1017071195	city-owned	missing
1017143081	privatized	2001-2005
1017141231	city-owned	missing
1017147990	privatized	2001-2005
1017147060	city-owned	missing
1017074381	city-owned	missing
1017450412	city-owned	missing
1017077720	privatized	>2005
1017431655	privatized	2001-2005
1017184071	city-owned	missing
1017031967	city-owned	missing
1017143170	privatized	2001-2005
1017034575	city-owned	missing
1017352518	privatized	2001-2005
1017391181	privatized	>2005
1017110620	city-owned	missing
1017451443	city-owned	missing
1017075166	privatized	>2005
1017034630	city-owned	missing
1017033340	privatized	2001-2005
1017148635	privatized	>2005
1017036012	privatized	>2005
1017077151	privatized	>2005
1017431001	privatized	>2005
1017038287	privatized	>2005
1017038716	privatized	>2005
1017033081	privatized	2001-2005
1017076936	city-owned	missing
1017068968	privatized	2001-2005
1017341371	privatized	>2005
1017443653	city-owned	missing
1017391262	privatized	>2005
1017178208	privatized	>2005
1017073694	city-owned	missing
1017400148	city-owned	missing
1017072451	privatized	2001-2005
1017436240	city-owned	missing
1017072299	privatized	2001-2005
1017065926	privatized	2001-2005
1017451249	city-owned	missing
1017070717	privatized	>2005
1017030031	city-owned	missing
1017111669	city-owned	missing
1017072329	city-owned	missing
1017029342	privatized	>2005
1017065896	privatized	2001-2005
1017146608	privatized	>2005
1017110506	city-owned	missing
1017075255	city-owned	missing
1017033480	privatized	>2005
1017402132	city-owned	missing
1017352062	privatized	>2005
1017146209	privatized	2001-2005
1017066043	city-owned	missing
1017142556	privatized	>2005
1017074763	city-owned	missing
1017038210	privatized	2001-2005
1017080119	privatized	>2005
1017044180	city-owned	missing
1017110832	privatized	2001-2005
1017375682	city-owned	missing
1017031169	city-owned	missing
1017143927	city-owned	missing
1017137021	city-owned	missing
1017068411	privatized	2001-2005
1017076413	privatized	>2005
1017064938	privatized	2001-2005
1017186502	privatized	2001-2005
1017071080	privatized	2001-2005
1017352984	privatized	>2005
1017035024	privatized	2001-2005
1017352089	privatized	>2005
1017143561	privatized	2001-2005
1017134758	city-owned	missing
1017032971	city-owned	missing
1017437807	privatized	2001-2005
1017063656	privatized	>2005
1017070989	privatized	2001-2005
1017076588	city-owned	missing
1017031118	city-owned	missing
1017075867	privatized	2001-2005
1017032271	city-owned	missing
1017136076	privatized	2001-2005
1017141398	privatized	2001-2005
1017071667	privatized	>2005
1017038180	privatized	>2005
1017436118	privatized	2001-2005
1017333548	city-owned	missing
1017389292	city-owned	missing
1017035628	city-owned	missing
1017068500	privatized	2001-2005
1017451028	city-owned	missing
1017065705	city-owned	missing
1017425418	privatized	2001-2005
1017073813	city-owned	missing
1017065683	privatized	>2005
1017141649	privatized	2001-2005
1017352551	privatized	2001-2005
1017067805	privatized	2001-2005
1017150311	privatized	>2005
1017037574	privatized	<= 2000
1017140782	city-owned	missing
1017433186	privatized	2001-2005
1017144184	city-owned	missing
1017028362	privatized	>2005
1017030057	city-owned	missing
1017080062	city-owned	missing
1017383880	city-owned	missing
1017109371	city-owned	missing
1017135592	privatized	2001-2005
1017036624	city-owned	missing
1017068291	privatized	>2005
1017382671	city-owned	missing
1017450447	city-owned	missing
1017397287	city-owned	missing
1017072621	city-owned	missing
1017442860	city-owned	missing
1017431426	privatized	>2005
1017029563	privatized	2001-2005
1017428638	privatized	>2005
1017443238	city-owned	missing
1017397121	city-owned	missing
1017136769	city-owned	missing
1017146144	city-owned	missing
1017139822	privatized	2001-2005
1017438595	privatized	2001-2005
1017064741	privatized	2001-2005
1017139792	privatized	2001-2005
1017030545	city-owned	missing
1017352429	privatized	>2005
1017416621	city-owned	missing
1017444846	city-owned	missing
1017435642	privatized	2001-2005
1017450897	city-owned	missing
1017142661	privatized	2001-2005
1017037001	privatized	2001-2005
1017400288	privatized	>2005
1017143609	city-owned	missing
1017445991	privatized	>2005
1017384797	city-owned	missing
1017375437	city-owned	missing
1017135169	city-owned	missing
1017138877	privatized	>2005
1017382263	city-owned	missing
1017444897	privatized	2001-2005
1017075051	city-owned	missing
1017077509	city-owned	missing
1017443815	privatized	>2005
1017112240	city-owned	missing
1017139407	privatized	2001-2005
1017141738	privatized	2001-2005
1017069786	privatized	2001-2005
1017070571	privatized	2001-2005
1017348090	privatized	2001-2005
1017143552	city-owned	missing
1017445931	privatized	>2005
1017150699	city-owned	missing
1017075662	city-owned	missing
1017064041	privatized	2001-2005
1017064253	privatized	2001-2005
1017445214	privatized	2001-2005
1017182931	city-owned	missing
1017073848	privatized	2001-2005
1017067431	privatized	2001-2005
1017352151	privatized	2001-2005
1017071322	privatized	>2005
1017186006	privatized	>2005
1017111502	city-owned	missing
1017036551	city-owned	missing
1017183619	privatized	>2005
1017445095	privatized	>2005
1017065110	city-owned	missing
1017451231	city-owned	missing
1017067180	privatized	2001-2005
1017073791	city-owned	missing
1017069212	privatized	2001-2005
1017352101	privatized	>2005
1017070784	privatized	2001-2005
1017071225	city-owned	missing
1017400181	city-owned	missing
1017139679	city-owned	missing
1017032343	city-owned	missing
1017031304	city-owned	missing
1017443068	privatized	2001-2005
1017064423	privatized	2001-2005
1017073473	privatized	>2005
1017077363	privatized	2001-2005
1017139229	privatized	>2005
1017067236	privatized	2001-2005
1017148589	privatized	>2005
1017076791	privatized	>2005
1017030928	city-owned	missing
1017355070	privatized	2001-2005
1017436363	city-owned	missing
1017028419	city-owned	missing
1017147019	privatized	2001-2005
1017063770	privatized	2001-2005
1017451761	city-owned	missing
1017142521	city-owned	missing
1017038252	city-owned	missing
1017080305	privatized	2001-2005
1017341907	privatized	>2005
1017186553	privatized	2001-2005
1017136939	privatized	2001-2005
1017144257	city-owned	missing
1017434824	privatized	>2005
1017437238	privatized	>2005
1017067449	privatized	2001-2005
1017445915	privatized	2001-2005
1017445974	privatized	>2005
1017352267	privatized	2001-2005
1017452199	city-owned	missing
1017034711	privatized	>2005
1017065187	city-owned	missing
1017067562	privatized	>2005
1017446067	city-owned	missing
1017354961	city-owned	missing
1017135983	city-owned	missing
1017451451	city-owned	missing
1017144982	city-owned	missing
1017402019	city-owned	missing
1017384037	privatized	>2005
1017032947	city-owned	missing
1017443611	privatized	2001-2005
1017037019	privatized	>2005
1017445192	city-owned	missing
1017027951	privatized	2001-2005
1017066931	privatized	2001-2005
1017069531	city-owned	missing
1017139199	privatized	2001-2005
1017066001	privatized	>2005
1017186766	city-owned	missing
1017030537	city-owned	missing
1017034591	city-owned	missing
1017036438	city-owned	missing
1017422915	city-owned	missing
1017400130	city-owned	missing
1017420602	privatized	>2005
1017044163	city-owned	missing
1017065667	city-owned	missing
1017071101	privatized	2001-2005
1017077070	city-owned	missing
1017352399	privatized	2001-2005
1017136700	privatized	2001-2005
1017037833	city-owned	missing
1017425108	privatized	>2005
1017029831	city-owned	missing
1017036969	privatized	2001-2005
1017067058	privatized	2001-2005
1017341559	city-owned	missing
1017136271	city-owned	missing
1017143404	privatized	>2005
1017075182	privatized	2001-2005
1017186782	city-owned	missing
1017452075	city-owned	missing
1017424578	privatized	>2005
1017056005	city-owned	missing
1017352208	privatized	2001-2005
1017115702	city-owned	missing
1017067091	privatized	2001-2005
1017034931	privatized	>2005
1017060533	privatized	>2005
1017396507	city-owned	missing
1017028222	city-owned	missing
1017066531	city-owned	missing
1017436258	city-owned	missing
1017037540	privatized	2001-2005
1017401594	privatized	2001-2005
1017037027	city-owned	missing
1017146462	privatized	2001-2005
1017444706	privatized	>2005
1017150478	city-owned	missing
1017143234	privatized	>2005
1017400971	privatized	>2005
1017143901	privatized	>2005
1017442924	city-owned	missing
1017451966	privatized	2001-2005
1017112819	city-owned	missing
1017034915	privatized	2001-2005
1017141401	privatized	2001-2005
1017071161	privatized	2001-2005
1017352356	privatized	2001-2005
1017136670	city-owned	missing
1017364826	privatized	>2005
1017139342	privatized	>2005
1017354529	city-owned	missing
1017444587	city-owned	missing
1017136998	privatized	2001-2005
1017375283	city-owned	missing
1017064059	city-owned	missing
1017027986	city-owned	missing
1017066311	privatized	>2005
1017451583	city-owned	missing
1017036373	city-owned	missing
1017428816	privatized	>2005
1017432252	city-owned	missing
1017373671	privatized	>2005
1017436231	city-owned	missing
1017352780	privatized	>2005
1017352194	privatized	2001-2005
1017397104	city-owned	missing
1017069751	privatized	2001-2005
1017078157	privatized	>2005
1017451702	city-owned	missing
1017075387	city-owned	missing
1017400083	city-owned	missing
1017354626	city-owned	missing
1017352771	privatized	>2005
1017352232	privatized	2001-2005
1017137129	city-owned	missing
1017444871	privatized	2001-2005
1017029504	privatized	2001-2005
1017036781	privatized	2001-2005
1017034354	privatized	>2005
1017143226	city-owned	missing
1017431205	privatized	>2005
1017186995	privatized	>2005
1017443912	privatized	2001-2005
1017066787	privatized	>2005
1017143072	privatized	2001-2005
1017065381	privatized	2001-2005
1017435618	privatized	2001-2005
1017428476	privatized	2001-2005
1017032301	city-owned	missing
1017382255	city-owned	missing
1017417458	city-owned	missing
1017078271	privatized	2001-2005
1017186383	city-owned	missing
1017064512	privatized	2001-2005
1017036446	privatized	>2005
1017068526	privatized	2001-2005
1017073520	privatized	>2005
1017076596	city-owned	missing
1017080071	city-owned	missing
1017031436	city-owned	missing
1017064768	privatized	2001-2005
1017034974	privatized	>2005
1017067457	privatized	>2005
1017039054	privatized	>2005
1017080127	city-owned	missing
1017146586	city-owned	missing
1017074372	privatized	>2005
1017029571	city-owned	missing
1017063699	privatized	2001-2005
1017042322	city-owned	missing
1017074852	privatized	2001-2005
1017401748	city-owned	missing
1017444838	privatized	2001-2005
1017033048	privatized	>2005
1017144478	city-owned	missing
1017146381	city-owned	missing
1017029971	city-owned	missing
1017032246	city-owned	missing
1017417741	city-owned	missing
1017437734	privatized	2001-2005
1017073601	privatized	2001-2005
1017352046	privatized	>2005
1017033129	privatized	>2005
1017134201	privatized	2001-2005
1017147183	privatized	2001-2005
1017139237	privatized	>2005
1017036331	city-owned	missing
1017451958	privatized	2001-2005
1017347514	privatized	2001-2005
1017064857	privatized	>2005
1017144222	privatized	>2005
1017144028	privatized	>2005
1017352216	privatized	2001-2005
1017038163	privatized	>2005
1017134731	city-owned	missing
1017028567	city-owned	missing
1017070849	city-owned	missing
1017038945	privatized	2001-2005
1017341851	privatized	>2005
1017397147	city-owned	missing
1017445851	privatized	2001-2005
1017034303	privatized	>2005
1017443084	privatized	2001-2005
1017035351	privatized	2001-2005
1017352623	privatized	2001-2005
1017425434	privatized	>2005
1017335036	privatized	2001-2005
1017072345	city-owned	missing
1017076545	city-owned	missing
1017445923	privatized	2001-2005
1017138001	privatized	>2005
1017073261	privatized	>2005
1017038686	privatized	>2005
1017140855	privatized	2001-2005
1017438064	privatized	>2005
1017035091	privatized	>2005
1017069913	privatized	2001-2005
1017030944	city-owned	missing
1017352178	privatized	2001-2005
1017070105	privatized	2001-2005
1017143056	city-owned	missing
1017075239	city-owned	missing
1017436461	privatized	2001-2005
1017071772	privatized	>2005
1017352992	privatized	>2005
1017077908	city-owned	missing
1017432082	privatized	2001-2005
1017076847	privatized	2001-2005
1017037248	privatized	>2005
1017186944	privatized	>2005
1017391173	privatized	>2005
1017068267	privatized	2001-2005
1017437661	city-owned	missing
1017036217	city-owned	missing
1017035172	privatized	2001-2005
1017036225	city-owned	missing
1017186618	privatized	>2005
1017144460	city-owned	missing
1017450943	city-owned	missing
1017139881	privatized	2001-2005
1017143391	privatized	2001-2005
1017436444	privatized	2001-2005
1017352313	privatized	2001-2005
1017436312	privatized	>2005
1017147035	privatized	2001-2005
1017146985	privatized	>2005
1017034818	privatized	>2005
1017353166	privatized	>2005
1017367051	city-owned	missing
1017037841	city-owned	missing
1017066922	privatized	2001-2005
1017140774	city-owned	missing
1017352275	privatized	2001-2005
1017371393	privatized	>2005
1017443475	privatized	2001-2005
1017437220	privatized	>2005
1017136815	city-owned	missing
1017034834	privatized	>2005
1017036462	city-owned	missing
1017067554	privatized	2001-2005
1017037582	privatized	>2005
1017445958	privatized	>2005
1017182299	privatized	2001-2005
1017067759	privatized	>2005
1017452776	city-owned	missing
1017402051	city-owned	missing
1017144494	city-owned	missing
1017036161	privatized	2001-2005
1017144338	city-owned	missing
1017435901	privatized	2001-2005
1017031517	city-owned	missing
1017033463	city-owned	missing
1017078602	city-owned	missing
1017034346	city-owned	missing
1017064521	city-owned	missing
1017077495	city-owned	missing
1017436304	privatized	>2005
1017071454	privatized	2001-2005
1017076278	city-owned	missing
1017435171	privatized	2001-2005
1017186936	city-owned	missing
1017389675	city-owned	missing
1017065659	privatized	2001-2005
1017076987	privatized	>2005
1017035881	privatized	2001-2005
1017182922	privatized	2001-2005
1017352127	privatized	2001-2005
1017431418	privatized	>2005
1017112177	privatized	>2005
1017037710	privatized	>2005
1017426741	privatized	2001-2005
1017069611	privatized	2001-2005
1017444005	privatized	2001-2005
1017074577	city-owned	missing
1017352496	privatized	2001-2005
1017077436	privatized	>2005
1017397295	city-owned	missing
1017368767	city-owned	missing
1017069824	privatized	2001-2005
1017396469	city-owned	missing
1017438251	privatized	>2005
1017434441	privatized	>2005
1017072558	city-owned	missing
1017144087	city-owned	missing
1017438099	privatized	>2005
1017038511	privatized	>2005
1017030693	city-owned	missing
1017071497	privatized	2001-2005
1017143480	city-owned	missing
1017071241	privatized	2001-2005
1017080089	city-owned	missing
1017437629	privatized	>2005
1017033277	privatized	2001-2005
1017443769	privatized	>2005
1017141436	city-owned	missing
1017397244	city-owned	missing
1017028931	city-owned	missing
1017452288	city-owned	missing
1017141347	city-owned	missing
1017437173	privatized	>2005
1017445907	privatized	2001-2005
1017353000	city-owned	missing
1017444013	privatized	2001-2005
1017069689	privatized	2001-2005
1017400962	city-owned	missing
1017139733	privatized	>2005
1017078122	city-owned	missing
1017064822	city-owned	missing
1017033234	privatized	>2005
1017142602	privatized	>2005
1017075778	privatized	2001-2005
1017067503	privatized	2001-2005
1017036187	city-owned	missing
1017064881	privatized	2001-2005
1017444641	privatized	>2005
1017033064	privatized	>2005
1017077134	privatized	2001-2005
1017143315	city-owned	missing
1017073457	privatized	>2005
1017443742	privatized	>2005
1017078289	privatized	2001-2005
1017443998	privatized	2001-2005
1017144168	city-owned	missing
1017069760	privatized	>2005
1017142637	city-owned	missing
1017353042	privatized	2001-2005
1017107211	city-owned	missing
1017140758	privatized	2001-2005
1017063982	privatized	2001-2005
1017437751	privatized	>2005
1017075956	privatized	>2005
1017151164	privatized	>2005
1017135959	city-owned	missing
1017352461	privatized	2001-2005
1017444633	city-owned	missing
1017353158	privatized	>2005
1017071420	privatized	2001-2005
1017111961	city-owned	missing
1017186561	privatized	2001-2005
1017431221	privatized	>2005
1017139326	privatized	>2005
1017143854	city-owned	missing
1017068747	city-owned	missing
1017333475	city-owned	missing
1017039739	privatized	>2005
1017031886	city-owned	missing
1017080321	privatized	>2005
1017074968	privatized	>2005
1017150001	city-owned	missing
1017402043	city-owned	missing
1017451885	privatized	2001-2005
1017065764	privatized	2001-2005
1017144451	city-owned	missing
1017070750	privatized	2001-2005
1017071276	privatized	2001-2005
1017029857	city-owned	missing
1017452661	city-owned	missing
1017431531	privatized	>2005
1017034664	city-owned	missing
1017069239	privatized	2001-2005
1017076812	privatized	2001-2005
1017076910	city-owned	missing
1017434832	privatized	2001-2005
1017065250	privatized	2001-2005
1017080381	privatized	>2005
1017139555	city-owned	missing
1017137790	privatized	2001-2005
1017139172	privatized	2001-2005
1017036942	city-owned	missing
1017035245	privatized	>2005
1017428794	city-owned	missing
1017450838	city-owned	missing
1017106002	city-owned	missing
1017445028	privatized	2001-2005
1017037230	city-owned	missing
1017067074	privatized	2001-2005
1017034281	privatized	>2005
1017070547	privatized	2001-2005
1017353140	privatized	>2005
1017069069	privatized	2001-2005
1017067465	privatized	>2005
1017146349	city-owned	missing
1017139563	city-owned	missing
1017069051	privatized	>2005
1017071209	city-owned	missing
1017069573	privatized	>2005
1017066141	city-owned	missing
1017069026	privatized	2001-2005
1017137013	privatized	2001-2005
1017073911	privatized	>2005
1017144001	city-owned	missing
1017431191	city-owned	missing
1017071888	privatized	2001-2005
1017134715	city-owned	missing
1017074160	privatized	2001-2005
1017139156	privatized	>2005
1017030103	city-owned	missing
1017042349	city-owned	missing
1017038694	privatized	>2005
1017452610	privatized	2001-2005
1017068798	city-owned	missing
1017068780	city-owned	missing
1017437815	privatized	>2005
1017451001	city-owned	missing
1017067589	privatized	>2005
1017389624	city-owned	missing
1017074127	city-owned	missing
1017431442	privatized	>2005
1017075611	city-owned	missing
1017078611	city-owned	missing
1017431027	privatized	>2005
1017376191	city-owned	missing
1017031363	city-owned	missing
1017450935	city-owned	missing
1017077291	privatized	>2005
1017400164	city-owned	missing
1017139130	city-owned	missing
1017341346	city-owned	missing
1017067121	city-owned	missing
1017353131	privatized	>2005
1017028168	city-owned	missing
1017037591	city-owned	missing
1017355011	privatized	2001-2005
1017432848	city-owned	missing
1017149381	privatized	>2005
1017395446	city-owned	missing
1017400199	city-owned	missing
1017416346	privatized	>2005
1017352381	privatized	2001-2005
1017352259	privatized	2001-2005
1017031070	city-owned	missing
1017068402	city-owned	missing
1017438277	privatized	>2005
1017069492	privatized	2001-2005
1017068119	privatized	2001-2005
1017451834	city-owned	missing
1017032165	city-owned	missing
1017038066	privatized	2001-2005
1017080194	city-owned	missing
1017402183	city-owned	missing
1017148694	city-owned	missing
1017400121	city-owned	missing
1017070814	city-owned	missing
1017067309	city-owned	missing
1017069891	privatized	2001-2005
1017452211	city-owned	missing
1017146446	privatized	2001-2005
1017031002	city-owned	missing
1017138036	privatized	>2005
1017186961	privatized	>2005
1017067023	city-owned	missing
1017388989	city-owned	missing
1017431396	privatized	>2005
1017436428	privatized	>2005
1017144851	city-owned	missing
1017030669	city-owned	missing
1017451630	city-owned	missing
1017115711	city-owned	missing
1017178046	privatized	2001-2005
1017034311	privatized	>2005
1017069697	city-owned	missing
1017352330	privatized	2001-2005
1017071284	privatized	>2005
1017069077	privatized	2001-2005
1017451460	privatized	2001-2005
1017445362	privatized	2001-2005
1017443602	privatized	>2005
1017068836	city-owned	missing
1017139211	privatized	2001-2005
1017067031	privatized	2001-2005
1017034478	city-owned	missing
1017065594	privatized	>2005
1017077550	privatized	>2005
1017035300	privatized	>2005
1017343004	privatized	>2005
1017452652	city-owned	missing
1017140740	privatized	2001-2005
1017386340	privatized	>2005
1017036632	city-owned	missing
1017444960	privatized	2001-2005
1017424969	privatized	2001-2005
1017383111	privatized	>2005
1017114641	privatized	>2005
1017072591	privatized	>2005
1017452792	privatized	2001-2005
1017070598	city-owned	missing
1017032467	city-owned	missing
1017402116	city-owned	missing
1017069204	privatized	2001-2005
1017066132	privatized	2001-2005
1017110182	city-owned	missing
1017032432	city-owned	missing
1017065551	city-owned	missing
1017139148	privatized	>2005
1017186481	privatized	>2005
1017069018	privatized	2001-2005
1017137625	city-owned	missing
1017080101	city-owned	missing
1017033196	privatized	2001-2005
1017069395	privatized	>2005
1017402108	city-owned	missing
1017139938	privatized	2001-2005
1017069565	privatized	2001-2005
1017445605	privatized	>2005
1017138010	privatized	>2005
1017182116	city-owned	missing
1017068739	city-owned	missing
1017431400	privatized	>2005
1017075859	city-owned	missing
1017352241	privatized	2001-2005
1017077177	privatized	2001-2005
1017146403	city-owned	missing
1017035601	city-owned	missing
1017445834	privatized	2001-2005
1017067571	privatized	>2005
1017035181	privatized	2001-2005
1017354979	city-owned	missing
1017186529	city-owned	missing
1017345325	privatized	2001-2005
1017150982	privatized	2001-2005
1017109915	city-owned	missing
1017452270	privatized	2001-2005
1017065268	privatized	>2005
1017139709	city-owned	missing
1017076901	privatized	2001-2005
1017424233	privatized	>2005
1017149020	privatized	2001-2005
1017071292	privatized	2001-2005
1017074399	privatized	>2005
1017422770	privatized	2001-2005
1017417679	privatized	>2005
1017136785	privatized	>2005
1017073651	city-owned	missing
1017352097	privatized	>2005
1017064326	privatized	>2005
1017134723	privatized	>2005
1017388415	privatized	2001-2005
1017071306	privatized	>2005
1017071535	privatized	2001-2005
1017152039	city-owned	missing
1017374775	city-owned	missing
1017451931	privatized	>2005
1017436339	city-owned	missing
1017143838	city-owned	missing
1017451176	city-owned	missing
1017397163	city-owned	missing
1017063648	privatized	>2005
1017390274	city-owned	missing
1017400156	city-owned	missing
1017431434	privatized	>2005
1017037183	city-owned	missing
1017034869	privatized	>2005
1017063842	privatized	2001-2005
1017068062	privatized	2001-2005
1017443173	city-owned	missing
1017141959	privatized	>2005
1017034338	privatized	>2005
1017354618	city-owned	missing
1017143188	city-owned	missing
1017422991	city-owned	missing
1017055068	privatized	2001-2005
1017352615	privatized	2001-2005
1017034389	privatized	2001-2005
1017064598	privatized	>2005
1017139121	privatized	2001-2005
1017068437	privatized	>2005
1017033587	privatized	>2005
1017077037	privatized	2001-2005
1017143641	privatized	>2005
1017438005	privatized	2001-2005
1017443947	privatized	>2005
1017149151	privatized	2001-2005
1017355088	privatized	2001-2005
1017142700	city-owned	missing
1017434387	privatized	2001-2005
1017038082	privatized	2001-2005
1017425426	privatized	2001-2005
1017035679	privatized	>2005
1017067406	city-owned	missing
1017031134	city-owned	missing
1017069158	city-owned	missing
1017352283	privatized	2001-2005
1017137218	city-owned	missing
1017074488	city-owned	missing
1017063966	privatized	2001-2005
1017036144	privatized	>2005
1017446091	privatized	2001-2005
1017030804	privatized	>2005
1017032980	city-owned	missing
1017136122	privatized	>2005
1017037272	city-owned	missing
1017033072	privatized	>2005
1017146179	city-owned	missing
1017451338	city-owned	missing
1017036934	privatized	>2005
1017035261	city-owned	missing
1017427836	privatized	2001-2005
1017073805	privatized	>2005
1017059438	privatized	>2005
1017066728	privatized	>2005
1017444650	privatized	2001-2005
1017184526	privatized	2001-2005
1017139741	privatized	2001-2005
1017063672	privatized	2001-2005
1017111910	city-owned	missing
1017064539	privatized	2001-2005
1017431035	city-owned	missing
1017417172	privatized	>2005
1017031541	city-owned	missing
1017070857	privatized	2001-2005
1017074186	privatized	2001-2005
1017067970	city-owned	missing
1017450684	city-owned	missing
1017076766	privatized	2001-2005
1017072043	city-owned	missing
1017068330	privatized	2001-2005
1017036365	city-owned	missing
1017070962	privatized	2001-2005
1017149275	city-owned	missing
1017150672	privatized	>2005
1017147175	privatized	2001-2005
1017065390	privatized	2001-2005
1017146217	city-owned	missing
1017352437	privatized	>2005
1017431256	privatized	>2005
1017070091	privatized	>2005
1017028109	city-owned	missing
1017143048	city-owned	missing
1017069247	privatized	2001-2005
1017431043	privatized	>2005
1017033641	privatized	>2005
1017029407	city-owned	missing
1017069620	privatized	2001-2005
1017042241	city-owned	missing
1017341575	privatized	>2005
1017139091	privatized	2001-2005
1017143919	city-owned	missing
1017066671	privatized	2001-2005
1017038279	city-owned	missing
1017074895	city-owned	missing
1017143978	city-owned	missing
1017436347	city-owned	missing
1017451923	privatized	>2005
1017063605	privatized	2001-2005
1017072337	city-owned	missing
1017423989	city-owned	missing
1017032394	city-owned	missing
1017065781	privatized	2001-2005
1017452709	city-owned	missing
1017438790	city-owned	missing
1017070865	privatized	>2005
1017030707	city-owned	missing
1017036756	privatized	2001-2005
1017143455	city-owned	missing
1017030677	city-owned	missing
1017144117	city-owned	missing
1017066574	privatized	>2005
1017070024	privatized	2001-2005
1017435979	privatized	>2005
1017436479	privatized	2001-2005
1017070776	city-owned	missing
1017402124	city-owned	missing
1017109753	city-owned	missing
1017139512	privatized	>2005
1017136661	privatized	>2005
1017186499	privatized	>2005
1017034966	privatized	>2005
1017352291	privatized	2001-2005
1017443513	privatized	>2005
1017148660	privatized	2001-2005
1017045844	city-owned	missing
1017067228	privatized	2001-2005
1017070733	city-owned	missing
1017039658	city-owned	missing
1017037761	city-owned	missing
1017422346	privatized	>2005
1017355029	privatized	2001-2005
1017428646	privatized	>2005
1017066426	privatized	2001-2005
1017355061	privatized	2001-2005
1017434808	city-owned	missing
1017034991	city-owned	missing
1017075140	privatized	>2005
1017443785	city-owned	missing
1017446024	privatized	2001-2005
1017064024	privatized	2001-2005
1017445966	privatized	>2005
1017442894	city-owned	missing
1017143099	privatized	2001-2005
1017036811	city-owned	missing
1017070016	privatized	>2005
1017445389	privatized	2001-2005
1017444919	privatized	2001-2005
1017063818	city-owned	missing
1017352071	privatized	>2005
1017443891	privatized	>2005
1017069549	privatized	>2005
1017417733	city-owned	missing
1017059471	privatized	>2005
1017074445	city-owned	missing
1017068801	city-owned	missing
1017028052	city-owned	missing
1017136751	city-owned	missing
1017137005	privatized	2001-2005
1017442827	privatized	>2005
1017075204	city-owned	missing
1017451672	city-owned	missing
1017076979	privatized	>2005
1017416214	privatized	2001-2005
1017067171	privatized	2001-2005
1017185581	city-owned	missing
1017431019	privatized	>2005
1017079030	city-owned	missing
1017066639	privatized	2001-2005
1017400954	city-owned	missing
1017032751	city-owned	missing
1017352607	privatized	2001-2005
1017397155	city-owned	missing
1017443645	city-owned	missing
1017074925	privatized	>2005
1017425094	privatized	>2005
1017146152	city-owned	missing
1017421064	city-owned	missing
1017069883	privatized	2001-2005
1017067015	privatized	2001-2005
1017065357	city-owned	missing
1017035377	privatized	>2005
1017143218	city-owned	missing
1017078084	city-owned	missing
1017028478	city-owned	missing
1017445265	privatized	2001-2005
1017065888	privatized	2001-2005
1017141282	privatized	2001-2005
1017420939	city-owned	missing
1017452831	city-owned	missing
1017072841	city-owned	missing
1017402035	city-owned	missing
1017136807	city-owned	missing
1017072647	city-owned	missing
1017384002	city-owned	missing
1017443955	privatized	2001-2005
1017136726	privatized	2001-2005
1017075450	privatized	>2005
1017075824	city-owned	missing
1017445346	privatized	2001-2005
1017150044	city-owned	missing
1017064237	city-owned	missing
1017451842	privatized	2001-2005
1017071586	privatized	2001-2005
1017144273	city-owned	missing
1017443777	city-owned	missing
1017075654	city-owned	missing
1017071438	privatized	2001-2005
1017070997	privatized	2001-2005
1017436185	city-owned	missing
1017066744	city-owned	missing
1017032696	privatized	2001-2005
1017038261	privatized	>2005
1017066370	city-owned	missing
1017039399	privatized	2001-2005
1017452733	privatized	2001-2005
1017186847	city-owned	missing
1017070351	city-owned	missing
1017039381	privatized	>2005
1017144095	city-owned	missing
1017067210	privatized	2001-2005
1017038961	city-owned	missing
1017072540	city-owned	missing
1017115737	city-owned	missing
1017064946	privatized	2001-2005
1017074984	city-owned	missing
1017390835	privatized	>2005
1017335770	city-owned	missing
1017079846	city-owned	missing
1017425485	privatized	>2005
1017028427	city-owned	missing
1017439923	privatized	>2005
1017428565	privatized	2001-2005
1017064008	privatized	2001-2005
1017146101	privatized	2001-2005
1017064083	privatized	2001-2005
1017377537	city-owned	missing
1017077444	privatized	>2005
1017186545	privatized	2001-2005
1017036497	privatized	>2005
1017069867	privatized	2001-2005
1017444854	privatized	2001-2005
1017068089	privatized	2001-2005
1017067775	city-owned	missing
1017037566	privatized	>2005
1017134294	city-owned	missing
1017063745	privatized	2001-2005
1017446008	privatized	>2005
1017112096	city-owned	missing
1017079277	privatized	>2005
1017077592	privatized	>2005
1017391459	city-owned	missing
1017111936	city-owned	missing
1017430993	privatized	>2005
1017135371	privatized	>2005
1017355053	privatized	2001-2005
1017035237	privatized	2001-2005
1017074402	city-owned	missing
1017029041	city-owned	missing
1017036829	city-owned	missing
1017352119	privatized	>2005
1017353018	city-owned	missing
1017134766	privatized	>2005
1017074933	privatized	2001-2005
1017072639	city-owned	missing
1017397139	city-owned	missing
1017443904	privatized	2001-2005
1017431248	privatized	>2005
1017150966	privatized	2001-2005
1017442916	city-owned	missing
1017139458	privatized	>2005
1017072078	city-owned	missing
1017452849	city-owned	missing
1017037990	privatized	>2005
1017352160	privatized	2001-2005
1017071136	privatized	2001-2005
1017368724	privatized	>2005
1017071951	privatized	>2005
1017436355	city-owned	missing
1017148848	privatized	2001-2005
1017036951	city-owned	missing
1017075247	city-owned	missing
1017353123	privatized	>2005
1017072779	city-owned	missing
1017139695	city-owned	missing
1017068046	city-owned	missing
1017144265	city-owned	missing
1017438234	privatized	>2005
1017144231	privatized	2001-2005
1017065730	privatized	>2005
1017070555	privatized	2001-2005
1017032921	city-owned	missing
1017037205	city-owned	missing
1017438269	privatized	>2005
1017066973	privatized	2001-2005
1017417652	privatized	>2005
1017144915	privatized	2001-2005
1017353026	city-owned	missing
1017437602	privatized	2001-2005
1017437904	privatized	>2005
1017073511	privatized	>2005
1017031525	city-owned	missing
1017032815	privatized	>2005
1017431230	privatized	>2005
1017070652	city-owned	missing
1017401993	city-owned	missing
1017443858	privatized	>2005
1017429791	privatized	2001-2005
1017033056	privatized	>2005
1017067392	privatized	2001-2005
1017076961	privatized	2001-2005
1017427267	privatized	2001-2005
1017067520	privatized	2001-2005
1017186600	privatized	>2005
1017436321	privatized	>2005
1017065276	privatized	2001-2005
1017443581	privatized	2001-2005
1017431213	privatized	>2005
1017148805	city-owned	missing
1017032122	city-owned	missing
1017418021	privatized	>2005
1017445044	privatized	>2005
1017143757	city-owned	missing
1017034940	city-owned	missing
1017069310	privatized	2001-2005
1017352020	privatized	2001-2005
1017396477	city-owned	missing
1017068127	privatized	2001-2005
1017037663	city-owned	missing
1017416702	privatized	>2005
1017142688	city-owned	missing
1017433925	privatized	2001-2005
1017445168	city-owned	missing
1017064873	privatized	>2005
1017075875	privatized	>2005
1017341877	privatized	2001-2005
1017028125	city-owned	missing
1017352534	privatized	2001-2005
1017070008	privatized	2001-2005
1017069450	privatized	2001-2005
1017136602	privatized	>2005
1017139717	city-owned	missing
1017038171	privatized	>2005
1017137536	privatized	2001-2005
1017426597	privatized	>2005
1017451940	privatized	2001-2005
1017352135	privatized	2001-2005
1017397112	city-owned	missing
1017080011	city-owned	missing
1017066655	privatized	2001-2005
1017397091	city-owned	missing
1017032386	city-owned	missing
1017445257	privatized	>2005
1017438731	privatized	>2005
1017418471	privatized	>2005
1017076553	city-owned	missing
1017364818	privatized	>2005
1017065411	privatized	2001-2005
1017036055	privatized	>2005
1017066116	privatized	>2005
1017033218	city-owned	missing
1017144109	privatized	>2005
1017352453	privatized	>2005
1017071314	privatized	>2005
1017443181	privatized	2001-2005
1017071110	privatized	2001-2005
1017033455	privatized	>2005
1017073767	city-owned	missing
1017148791	privatized	2001-2005
1017036985	privatized	2001-2005
1017074682	privatized	>2005
1017073619	privatized	2001-2005
1017065675	privatized	2001-2005
1017074941	privatized	>2005
1017066493	city-owned	missing
1017037981	privatized	2001-2005
1017064903	city-owned	missing
1017038708	city-owned	missing
1017149313	city-owned	missing
1017143412	privatized	>2005
1017396485	city-owned	missing
1017437823	privatized	>2005
1017431540	privatized	>2005
1017112134	city-owned	missing
1017070181	privatized	2001-2005
1017187321	city-owned	missing
1017401764	city-owned	missing
1017033242	privatized	>2005
1017437891	city-owned	missing
1017070113	privatized	2001-2005
1017029521	city-owned	missing
1017136149	city-owned	missing
1017446032	privatized	2001-2005
1017137838	city-owned	missing
1017391564	city-owned	missing
1017134740	city-owned	missing
1017139750	city-owned	missing
1017142734	city-owned	missing
1017144371	city-owned	missing
1017108471	city-owned	missing
1017144974	city-owned	missing
1017365130	city-owned	missing
1017364800	privatized	>2005
1017435081	privatized	2001-2005
1017437211	privatized	>2005
1017143935	city-owned	missing
1017352968	privatized	>2005
1017063796	city-owned	missing
1017065489	privatized	2001-2005
1017079838	privatized	>2005
1017443319	privatized	>2005
1017142815	privatized	>2005
1017066035	privatized	2001-2005
1017142416	city-owned	missing
1017134359	privatized	2001-2005
1017073635	privatized	>2005
1017070971	privatized	2001-2005
1017032998	city-owned	missing
1017111529	city-owned	missing
1017069778	city-owned	missing
1017428786	privatized	>2005
1017029628	city-owned	missing
1017436452	privatized	2001-2005
1017402167	city-owned	missing
1017146616	city-owned	missing
1017147132	privatized	>2005
1017068984	privatized	2001-2005
1017069484	privatized	2001-2005
1017072523	privatized	2001-2005
1017437203	privatized	>2005
1017391530	city-owned	missing
1017443637	city-owned	missing
1017147337	city-owned	missing
1017075638	city-owned	missing
1017032807	privatized	2001-2005
1017143471	privatized	>2005
1017071055	privatized	2001-2005
1017442886	city-owned	missing
1017065136	privatized	>2005
1017033315	privatized	>2005
1017136971	city-owned	missing
1017427844	privatized	2001-2005
1017030529	city-owned	missing
1017065365	city-owned	missing
1017146489	privatized	2001-2005
1017143650	city-owned	missing
1017184623	city-owned	missing
1017446059	city-owned	missing
1017431515	privatized	>2005
1017066337	city-owned	missing
1017071039	city-owned	missing
1017146161	privatized	>2005
1017443386	privatized	2001-2005
1017452768	city-owned	missing
1017390550	city-owned	missing
1017445737	privatized	2001-2005
1017038317	city-owned	missing
1017028516	city-owned	missing
1017146632	privatized	>2005
1017071977	privatized	2001-2005
1017035148	city-owned	missing
1017035121	privatized	>2005
1017144354	city-owned	missing
1017366560	privatized	2001-2005
1017072582	city-owned	missing
1017445222	privatized	2001-2005
1017065624	city-owned	missing
1017396141	privatized	>2005
1017067198	privatized	>2005
1017352976	privatized	>2005
1017069603	privatized	2001-2005
1017443491	privatized	2001-2005
1017072850	city-owned	missing
1017428808	privatized	>2005
1017397252	city-owned	missing
1017352526	privatized	2001-2005
1017139911	privatized	2001-2005
1017445303	privatized	>2005
1017186987	privatized	>2005
1017146420	city-owned	missing
1017080054	city-owned	missing
1017077126	city-owned	missing
1017070890	city-owned	missing
1017345465	privatized	2001-2005
1017075590	privatized	2001-2005
1017066086	privatized	2001-2005
1017070288	privatized	2001-2005
1017076839	city-owned	missing
1017063991	privatized	2001-2005
1017111928	city-owned	missing
1017385211	privatized	>2005
1017073627	privatized	2001-2005
1017113521	privatized	2001-2005
1017035130	privatized	>2005
1017065373	city-owned	missing
1017143358	city-owned	missing
1017427852	privatized	2001-2005
1017067350	privatized	2001-2005
1017071152	privatized	2001-2005
1017390215	privatized	2001-2005
1017186952	privatized	>2005
1017032718	privatized	2001-2005
1017143439	privatized	2001-2005
1017070709	city-owned	missing
1017136734	city-owned	missing
1017137978	privatized	>2005
1017373914	city-owned	missing
1017444790	privatized	2001-2005
1017143277	city-owned	missing
1017033382	city-owned	missing
1017036101	city-owned	missing
1017437611	privatized	>2005
1017352411	privatized	>2005
1017149330	city-owned	missing
1017070873	city-owned	missing
1017065454	privatized	2001-2005
1017181268	city-owned	missing
1017140308	privatized	2001-2005
1017070083	privatized	>2005
1017333408	city-owned	missing
1017354651	privatized	2001-2005
1017139423	privatized	2001-2005
1017364788	privatized	>2005
1017072531	privatized	>2005
1017030553	city-owned	missing
1017443106	city-owned	missing
1017382018	city-owned	missing
1017071527	city-owned	missing
1017066060	city-owned	missing
1017069646	city-owned	missing
1017034257	privatized	>2005
1017069344	city-owned	missing
1017435189	city-owned	missing
1017444820	privatized	>2005
1017028389	city-owned	missing
1017064733	privatized	2001-2005
1017372811	privatized	>2005
1017034397	privatized	>2005
1017352372	privatized	2001-2005
1017429812	city-owned	missing
1017451524	city-owned	missing
1017184364	privatized	2001-2005
1017397261	city-owned	missing
1017364796	privatized	>2005
1017451796	city-owned	missing
1017400261	city-owned	missing
1017417962	privatized	>2005
1017143374	city-owned	missing
1017073538	city-owned	missing
1017138991	privatized	>2005
1017039992	city-owned	missing
1017028320	privatized	2001-2005
1017072787	city-owned	missing
1017069981	privatized	2001-2005
1017397180	city-owned	missing
1017352488	privatized	2001-2005
1017072370	privatized	2001-2005
1017416338	privatized	>2005
1017352054	privatized	>2005
1017070831	city-owned	missing
1017068038	privatized	2001-2005
1017037141	privatized	>2005
1017431451	city-owned	missing
1017033251	privatized	2001-2005
1017033358	privatized	2001-2005
1017415757	privatized	>2005
1017434875	privatized	2001-2005
1017066663	privatized	2001-2005
1017072507	privatized	>2005
1017422923	city-owned	missing
1017397171	city-owned	missing
1017136092	privatized	2001-2005
1017029016	city-owned	missing
1017078491	city-owned	missing
1017425230	privatized	2001-2005
1017147302	privatized	2001-2005
1017074208	city-owned	missing
1017354553	city-owned	missing
1017034460	privatized	2001-2005
1017137552	city-owned	missing
1017137609	privatized	>2005
1017033421	city-owned	missing
1017426686	privatized	2001-2005
1017069034	privatized	>2005
1017437742	city-owned	missing
1017071900	privatized	>2005
1017065179	privatized	>2005
1017072256	privatized	>2005
1017032882	city-owned	missing
1017068097	privatized	>2005
1017417016	city-owned	missing
1017080135	city-owned	missing
1017030651	city-owned	missing
1017451729	city-owned	missing
1017431671	city-owned	missing
1017064300	privatized	2001-2005
1017446016	privatized	2001-2005
1017368210	city-owned	missing
1017452024	city-owned	missing
1017451222	city-owned	missing
1017143951	city-owned	missing
1017352321	privatized	2001-2005
1017147213	privatized	>2005
1017066710	privatized	2001-2005
1017442851	city-owned	missing
1017186391	city-owned	missing
1017438650	privatized	2001-2005
1017070121	city-owned	missing
1017115729	city-owned	missing
1017035288	city-owned	missing
1017397279	city-owned	missing
1017352038	privatized	2001-2005
1017034184	city-owned	missing
1017352445	privatized	>2005
1017143625	privatized	2001-2005
1017034800	privatized	>2005
1017437246	privatized	>2005
1017031797	city-owned	missing
1017437190	privatized	>2005
1017186979	privatized	>2005
1017443505	privatized	>2005
1017074551	city-owned	missing
1017069042	privatized	2001-2005
1017146942	privatized	>2005
1017037884	city-owned	missing
1017141975	city-owned	missing
1017144052	city-owned	missing
1017452067	privatized	2001-2005
1017038295	privatized	2001-2005
1017425931	privatized	2001-2005
1017031690	city-owned	missing
1017069174	privatized	2001-2005
1017111944	city-owned	missing
1017033404	privatized	2001-2005
1017069328	privatized	2001-2005
1017391254	privatized	>2005
1017071250	privatized	>2005
1017031223	city-owned	missing
1017079072	privatized	2001-2005
1017077100	city-owned	missing
1017031754	city-owned	missing
1017075913	city-owned	missing
1017435600	privatized	>2005
1017428255	privatized	2001-2005
1017068810	city-owned	missing
1017452091	privatized	2001-2005
1017431523	privatized	>2005
1017030901	city-owned	missing
1017064148	city-owned	missing
1017075280	city-owned	missing
1017186511	city-owned	missing
1017063711	privatized	2001-2005
1017352011	privatized	2001-2005
1017400211	city-owned	missing
1017073783	city-owned	missing
1017112941	city-owned	missing
1017139687	city-owned	missing
1017075395	city-owned	missing
1017036276	city-owned	missing
1017080399	privatized	>2005
1017334919	city-owned	missing
1017400849	city-owned	missing
1017032734	city-owned	missing
1017036608	privatized	2001-2005
1017035113	privatized	>2005
1017069441	privatized	2001-2005
1017370117	city-owned	missing
1017144206	privatized	>2005
1017443351	privatized	>2005
1017143161	privatized	2001-2005
1017032912	city-owned	missing
1017352186	privatized	2001-2005
1017036306	privatized	2001-2005
1017075263	city-owned	missing
1017436266	city-owned	missing
1017139831	privatized	>2005
1017452032	privatized	>2005
1017032521	privatized	>2005
1017076308	privatized	2001-2005
1017143200	city-owned	missing
1017437084	privatized	>2005
1017074151	privatized	2001-2005
1017030880	city-owned	missing
1017071217	privatized	>2005
1017334714	privatized	2001-2005
1017037035	privatized	>2005
1017435804	privatized	2001-2005
1017438285	privatized	>2005
1017068828	city-owned	missing
1017031916	city-owned	missing
1017035229	privatized	>2005
1017073317	city-owned	missing
1017186405	privatized	>2005
1017352224	privatized	2001-2005
1017071489	city-owned	missing
1017445320	privatized	2001-2005
1017146578	city-owned	missing
1017149259	city-owned	missing
1017066124	privatized	2001-2005
1017065128	city-owned	missing
1017064105	privatized	2001-2005
1017077282	privatized	>2005
1017065756	privatized	>2005
1017445176	city-owned	missing
1017029997	city-owned	missing
1017036071	privatized	>2005
1017065632	privatized	2001-2005
1017443866	privatized	2001-2005
1017069794	city-owned	missing
1017076855	city-owned	missing
1017031088	city-owned	missing
1017352569	privatized	2001-2005
1017032441	city-owned	missing
1017436371	privatized	2001-2005
1017068607	city-owned	missing
1017069671	privatized	>2005
1017445117	privatized	>2005
1017445087	privatized	>2005
1017031291	city-owned	missing
1017352593	privatized	2001-2005
1017415901	privatized	>2005
1017076871	city-owned	missing
1017137994	privatized	>2005
1017077118	city-owned	missing
1017141428	city-owned	missing
1017452245	city-owned	missing
1017077452	privatized	>2005
1017028907	city-owned	missing
1017352305	privatized	2001-2005
1017452253	city-owned	missing
1017352585	privatized	2001-2005
1017034320	privatized	>2005
1017034702	city-owned	missing
1017073414	city-owned	missing
1017071934	privatized	>2005
1017037817	city-owned	missing
1017070431	privatized	2001-2005
1017033323	privatized	>2005
1017139521	privatized	>2005
1017147345	privatized	>2005
1017072442	privatized	2001-2005
1017028087	city-owned	missing
1017065985	privatized	2001-2005
1017038139	city-owned	missing
1017079919	privatized	>2005
1017402086	city-owned	missing
1017445231	privatized	>2005
1017150079	privatized	>2005
1017038309	privatized	2001-2005
1017071641	privatized	>2005
1017077347	privatized	2001-2005
1017036471	city-owned	missing
1017136980	privatized	2001-2005
1017078335	city-owned	missing
1017352348	privatized	2001-2005
1017418781	city-owned	missing
1017070342	city-owned	missing
1017073821	privatized	>2005
1017433500	privatized	2001-2005
1017443823	city-owned	missing
1017066167	privatized	2001-2005
1017071781	privatized	>2005
1017030812	city-owned	missing
1017443840	privatized	>2005
1017036993	privatized	2001-2005
1017069263	city-owned	missing
1017431183	city-owned	missing
1017068992	privatized	2001-2005
1017445079	privatized	2001-2005
1017430837	privatized	>2005
1017076324	privatized	>2005
1017184283	privatized	>2005
1017138869	privatized	>2005
1017385114	city-owned	missing
1017031011	city-owned	missing
1017031959	city-owned	missing
1017139571	city-owned	missing
1017445150	privatized	2001-2005
1017063826	city-owned	missing
1017074411	city-owned	missing
1017139547	city-owned	missing
1017371601	city-owned	missing
1017137145	city-owned	missing
1017144907	privatized	>2005
1017184011	city-owned	missing
1017436380	privatized	>2005
1017352402	privatized	2001-2005
1017079706	city-owned	missing
1017080143	city-owned	missing
1017422907	city-owned	missing
1017143862	city-owned	missing
1017346194	privatized	>2005
1017385041	city-owned	missing
1017069590	privatized	>2005
1017385785	city-owned	missing
1017033137	city-owned	missing
1017029334	privatized	>2005
1017186537	city-owned	missing
1017140766	privatized	>2005
1017069301	privatized	2001-2005
1017075069	city-owned	missing
1017446041	city-owned	missing
1017146110	city-owned	missing
1017143196	city-owned	missing
1017069476	privatized	>2005
1017352143	privatized	2001-2005
1017149321	city-owned	missing
1017142491	privatized	<= 2000
1017108579	privatized	<= 2000
1017063630	privatized	<= 2000
1017142629	privatized	<= 2000
1017134774	privatized	<= 2000
1017032297	privatized	<= 2000
1017069000	privatized	<= 2000
1017075085	privatized	<= 2000
1017064016	privatized	<= 2000
1017070661	privatized	<= 2000
1017143579	privatized	<= 2000
1017137111	privatized	<= 2000
1017076332	privatized	<= 2000
1017434395	privatized	<= 2000
1017433585	privatized	<= 2000
1017066051	privatized	<= 2000
1017136831	privatized	<= 2000
1017445401	privatized	<= 2000
1017067040	privatized	<= 2000
1017067244	privatized	<= 2000
1017072159	privatized	>2005
1017187339	privatized	<= 2000
1017136874	privatized	<= 2000
1017037264	privatized	<= 2000
1017030642	privatized	<= 2000
1017064695	privatized	<= 2000
1017444803	privatized	<= 2000
1017438668	privatized	<= 2000
1017150770	privatized	<= 2000
1017068950	privatized	<= 2000
1017064628	privatized	<= 2000
1017427208	privatized	2001-2005
1017027927	privatized	<= 2000
1017433887	privatized	2001-2005
1017031274	privatized	<= 2000
1017069581	privatized	<= 2000
1017427275	privatized	<= 2000
1017065608	privatized	<= 2000
1017452059	privatized	<= 2000
1017070679	privatized	<= 2000
1017037191	privatized	<= 2000
1017068208	privatized	<= 2000
1017069361	privatized	2001-2005
1017143498	privatized	<= 2000
1017033269	privatized	<= 2000
1017066868	privatized	<= 2000
1017037060	privatized	<= 2000
1017059454	privatized	<= 2000
1017028141	privatized	<= 2000
1017069808	privatized	<= 2000
1017143692	privatized	<= 2000
1017066469	privatized	<= 2000
1017069506	privatized	<= 2000
1017070954	privatized	<= 2000
1017187347	privatized	<= 2000
1017431892	privatized	2001-2005
1017070369	privatized	2001-2005
1017148899	privatized	<= 2000
1017142696	privatized	2001-2005
1017140839	privatized	2001-2005
1031684093	privatized	<= 2000
1017345295	privatized	2001-2005
1017068194	privatized	<= 2000
1017077223	privatized	<= 2000
1017065519	privatized	<= 2000
1017136084	privatized	<= 2000
1017353034	privatized	2001-2005
1017433011	privatized	<= 2000
1017141380	privatized	<= 2000
1017038341	privatized	<= 2000
1017147558	privatized	<= 2000
1017069352	privatized	>2005
1017150036	privatized	<= 2000
1017140545	privatized	<= 2000
1017150397	privatized	<= 2000
1017435162	privatized	<= 2000
1017385688	privatized	<= 2000
1017142050	privatized	<= 2000
1017142025	privatized	<= 2000
1017139377	privatized	<= 2000
1017071560	privatized	2001-2005
1017063869	privatized	2001-2005
1017147078	privatized	<= 2000
1017068895	privatized	<= 2000
1017136947	privatized	<= 2000
1017146233	privatized	<= 2000
1017139903	privatized	<= 2000
1017142009	privatized	<= 2000
1017344591	privatized	<= 2000
1017055441	privatized	>2005
1017342253	privatized	<= 2000
1017038449	privatized	2001-2005
1017147230	privatized	<= 2000
1017136114	privatized	<= 2000
1017035466	privatized	<= 2000
1017065021	privatized	<= 2000
1017060495	privatized	<= 2000
1017352798	privatized	2001-2005
1017134910	privatized	<= 2000
1017063923	privatized	2001-2005
1017148911	privatized	<= 2000
1017108706	privatized	>2005
1017352801	privatized	2001-2005
1017354464	privatized	2001-2005
1017064482	privatized	<= 2000
1017038228	privatized	<= 2000
1017434549	privatized	<= 2000
1017353956	privatized	<= 2000
1017070695	privatized	2001-2005
1017435910	privatized	>2005
1017148686	privatized	<= 2000
1017137269	privatized	<= 2000
1017069654	privatized	<= 2000
1017380384	privatized	>2005
1017433496	privatized	<= 2000
1017076707	privatized	<= 2000
1017069433	privatized	>2005
1017064865	privatized	>2005
1017076928	privatized	2001-2005
1017071071	privatized	2001-2005
1017069972	privatized	2001-2005
1017457409	privatized	>2005
1017146187	privatized	>2005
1017076472	privatized	>2005
1017028559	privatized	<= 2000
1017140316	privatized	<= 2000
1017352500	privatized	2001-2005
1017064032	privatized	>2005
1017138915	privatized	>2005
1017067830	privatized	>2005
